Gruppe;Familie;Stufe;HEX;RGB;OKLCH;Lab (D50);CMYK gestrichen;Farbauftrag %;dE00 gestrichen;Bewertung gestrichen;erreichbar HEX gestrichen;CMYK ungestrichen;dE00 ungestrichen;Bewertung ungestrichen;erreichbar HEX ungestrichen;Kontrast auf Weiss
Marke;Graphit (Primary);base;#909390;144 147 144;oklch(66.0% 0.006 145.5);60.78 -2.0 1.0;C42 M31 Y35 K16;124;0.98;sicher;#909390;C45 M36 Y37 K2;1.69;sicher;#91928e;3.11
Marke;Graphit (Primary);50;#f9fbf9;249 251 249;oklch(98.6% 0.003 145.5);98.43 -1.0 1.0;C3 M1 Y3 K0;7;0.23;sicher;#f9faf9;C2 M2 Y2 K0;1.75;sicher;#f9f9f8;1.04
Marke;Graphit (Primary);100;#f1f3f1;241 243 241;oklch(96.2% 0.003 145.5);95.69 -1.0 1.0;C7 M3 Y5 K0;15;0.97;sicher;#f1f3f2;C5 M4 Y5 K0;1.47;sicher;#f2f2f0;1.12
Marke;Graphit (Primary);200;#e4e6e4;228 230 228;oklch(92.3% 0.003 145.5);90.98 -1.0 1.0;C13 M7 Y10 K0;30;1.0;sicher;#e4e6e4;C11 M7 Y9 K0;0.0;sicher;#e6e6e3;1.25
Marke;Graphit (Primary);300;#d2d4d2;210 212 210;oklch(86.8% 0.003 145.5);84.71 -1.0 1.0;C20 M13 Y16 K2;51;0.26;sicher;#d2d4d2;C18 M13 Y14 K0;1.47;sicher;#d3d3d1;1.49
Marke;Graphit (Primary);400;#afb2af;175 178 175;oklch(76.0% 0.005 145.5);72.16 -1.0 1.0;C33 M22 Y26 K7;88;1.4;sicher;#afb2af;C33 M24 Y25 K0;0.0;sicher;#b1b2ae;2.14
Marke;Graphit (Primary);500;#909390;144 147 144;oklch(66.0% 0.006 145.5);60.78 -2.0 1.0;C42 M31 Y35 K16;124;0.98;sicher;#909390;C45 M36 Y37 K2;1.69;sicher;#91928e;3.11
Marke;Graphit (Primary);600;#727572;114 117 114;oklch(55.9% 0.006 145.5);49.02 -2.0 1.0;C51 M40 Y42 K28;161;1.36;sicher;#727572;C56 M46 Y47 K11;1.73;sicher;#747571;4.66
Marke;Graphit (Primary);700;#595c59;89 92 89;oklch(47.1% 0.006 145.5);38.82 -2.0 1.0;C58 M46 Y49 K40;193;0.34;sicher;#595c59;C64 M55 Y54 K23;1.69;sicher;#5b5c58;6.77
Marke;Graphit (Primary);800;#414341;65 67 65;oklch(38.0% 0.004 145.5);28.24 -1.0 1.0;C66 M54 Y55 K55;230;0.3;sicher;#414341;C71 M65 Y60 K40;1.77;sicher;#434340;9.98
Marke;Graphit (Primary);900;#292b29;41 43 41;oklch(28.6% 0.005 145.5);17.25 -1.0 1.0;C73 M61 Y62 K70;266;0.0;sicher;#292b29;C78 M73 Y62 K58;1.77;sicher;#2c2b28;14.27
Marke;Graphit (Primary);950;#161816;22 24 22;oklch(20.6% 0.005 145.4);7.84 -1.0 1.0;C79 M68 Y66 K82;295;0.24;sicher;#161816;C86 M75 Y56 K73;1.53;sicher;#191918;17.85
Marke;Graphit (Secondary, vorerst gleich Primary);base;#909390;144 147 144;oklch(66.0% 0.006 145.5);60.78 -2.0 1.0;C42 M31 Y35 K16;124;0.98;sicher;#909390;C45 M36 Y37 K2;1.69;sicher;#91928e;3.11
Marke;Graphit (Secondary, vorerst gleich Primary);50;#f9fbf9;249 251 249;oklch(98.6% 0.003 145.5);98.43 -1.0 1.0;C3 M1 Y3 K0;7;0.23;sicher;#f9faf9;C2 M2 Y2 K0;1.75;sicher;#f9f9f8;1.04
Marke;Graphit (Secondary, vorerst gleich Primary);100;#f1f3f1;241 243 241;oklch(96.2% 0.003 145.5);95.69 -1.0 1.0;C7 M3 Y5 K0;15;0.97;sicher;#f1f3f2;C5 M4 Y5 K0;1.47;sicher;#f2f2f0;1.12
Marke;Graphit (Secondary, vorerst gleich Primary);200;#e4e6e4;228 230 228;oklch(92.3% 0.003 145.5);90.98 -1.0 1.0;C13 M7 Y10 K0;30;1.0;sicher;#e4e6e4;C11 M7 Y9 K0;0.0;sicher;#e6e6e3;1.25
Marke;Graphit (Secondary, vorerst gleich Primary);300;#d2d4d2;210 212 210;oklch(86.8% 0.003 145.5);84.71 -1.0 1.0;C20 M13 Y16 K2;51;0.26;sicher;#d2d4d2;C18 M13 Y14 K0;1.47;sicher;#d3d3d1;1.49
Marke;Graphit (Secondary, vorerst gleich Primary);400;#afb2af;175 178 175;oklch(76.0% 0.005 145.5);72.16 -1.0 1.0;C33 M22 Y26 K7;88;1.4;sicher;#afb2af;C33 M24 Y25 K0;0.0;sicher;#b1b2ae;2.14
Marke;Graphit (Secondary, vorerst gleich Primary);500;#909390;144 147 144;oklch(66.0% 0.006 145.5);60.78 -2.0 1.0;C42 M31 Y35 K16;124;0.98;sicher;#909390;C45 M36 Y37 K2;1.69;sicher;#91928e;3.11
Marke;Graphit (Secondary, vorerst gleich Primary);600;#727572;114 117 114;oklch(55.9% 0.006 145.5);49.02 -2.0 1.0;C51 M40 Y42 K28;161;1.36;sicher;#727572;C56 M46 Y47 K11;1.73;sicher;#747571;4.66
Marke;Graphit (Secondary, vorerst gleich Primary);700;#595c59;89 92 89;oklch(47.1% 0.006 145.5);38.82 -2.0 1.0;C58 M46 Y49 K40;193;0.34;sicher;#595c59;C64 M55 Y54 K23;1.69;sicher;#5b5c58;6.77
Marke;Graphit (Secondary, vorerst gleich Primary);800;#414341;65 67 65;oklch(38.0% 0.004 145.5);28.24 -1.0 1.0;C66 M54 Y55 K55;230;0.3;sicher;#414341;C71 M65 Y60 K40;1.77;sicher;#434340;9.98
Marke;Graphit (Secondary, vorerst gleich Primary);900;#292b29;41 43 41;oklch(28.6% 0.005 145.5);17.25 -1.0 1.0;C73 M61 Y62 K70;266;0.0;sicher;#292b29;C78 M73 Y62 K58;1.77;sicher;#2c2b28;14.27
Marke;Graphit (Secondary, vorerst gleich Primary);950;#161816;22 24 22;oklch(20.6% 0.005 145.4);7.84 -1.0 1.0;C79 M68 Y66 K82;295;0.24;sicher;#161816;C86 M75 Y56 K73;1.53;sicher;#191918;17.85
Marke;Neo Lime;base;#37e93d;55 233 61;oklch(81.6% 0.251 143.2);81.57 -68.0 65.0;C69 M0 Y98 K0;167;14.3;kritisch;#52af35;C60 M0 Y100 K0;15.85;kritisch;#6bac34;1.63
Marke;Neo Lime;50;#f0ffef;240 255 239;oklch(98.5% 0.026 143.6);98.43 -7.0 6.0;C7 M0 Y10 K0;17;4.6;abweichend;#f1f7ed;C6 M0 Y9 K0;4.6;abweichend;#f2f8ec;1.04
Marke;Neo Lime;100;#d0ffcd;208 255 205;oklch(95.4% 0.082 143.3);95.69 -22.0 19.0;C21 M0 Y29 K0;50;7.73;kritisch;#d6e8c7;C19 M0 Y25 K0;7.85;kritisch;#d3e6c4;1.11
Marke;Neo Lime;200;#a4ff9f;164 255 159;oklch(92.0% 0.155 143.0);92.55 -42.0 37.0;C39 M0 Y52 K0;91;11.55;kritisch;#add296;C34 M0 Y50 K0;11.71;kritisch;#aed190;1.21
Marke;Neo Lime;300;#61ff61;97 255 97;oklch(88.5% 0.240 143.2);89.41 -65.0 60.0;C63 M0 Y87 K0;150;17.0;kritisch;#6ab649;C50 M0 Y92 K0;18.03;kritisch;#86b73d;1.31
Marke;Neo Lime;400;#3df643;61 246 67;oklch(85.1% 0.260 143.2);85.88 -71.0 67.0;C68 M0 Y96 K0;164;17.0;kritisch;#58b138;C58 M0 Y100 K0;18.26;kritisch;#72ae32;1.45
Marke;Neo Lime;500;#37e93d;55 233 61;oklch(81.6% 0.251 143.2);81.57 -68.0 65.0;C69 M0 Y98 K0;167;14.3;kritisch;#52af35;C60 M0 Y100 K0;15.85;kritisch;#6bac34;1.63
Marke;Neo Lime;600;#00c01a;0 192 26;oklch(70.1% 0.233 143.2);67.84 -63.0 62.0;C74 M0 Y100 K0;174;6.42;kritisch;#3eab34;C72 M0 Y100 K0;9.38;kritisch;#45a139;2.45
Marke;Neo Lime;700;#009612;0 150 18;oklch(58.4% 0.194 143.2);53.73 -53.0 51.0;C77 M2 Y100 K9;188;3.38;abweichend;#279c32;C82 M1 Y100 K0;4.65;abweichend;#18983c;3.91
Marke;Neo Lime;800;#006f0a;0 111 10;oklch(47.0% 0.156 143.2);40.39 -43.0 41.0;C78 M8 Y100 K38;224;3.1;abweichend;#207425;C90 M23 Y100 K12;6.19;kritisch;#117136;6.41
Marke;Neo Lime;900;#004904;0 73 4;oklch(35.2% 0.117 143.2);26.27 -32.0 31.0;C78 M14 Y100 K65;257;2.55;abweichend;#104c15;C93 M44 Y100 K38;6.37;kritisch;#114922;10.74
Marke;Neo Lime;950;#002801;0 40 1;oklch(24.0% 0.080 143.0);12.94 -22.0 18.0;C81 M36 Y100 K82;299;1.1;sicher;#052904;C94 M63 Y73 K63;9.03;kritisch;#0c281c;16.1
Neutralleitern;Graphit;base;#909390;144 147 144;oklch(66.0% 0.006 145.5);60.78 -2.0 1.0;C42 M31 Y35 K16;124;0.98;sicher;#909390;C45 M36 Y37 K2;1.69;sicher;#91928e;3.11
Neutralleitern;Graphit;50;#f9fbf9;249 251 249;oklch(98.6% 0.003 145.5);98.43 -1.0 1.0;C3 M1 Y3 K0;7;0.23;sicher;#f9faf9;C2 M2 Y2 K0;1.75;sicher;#f9f9f8;1.04
Neutralleitern;Graphit;100;#f1f3f1;241 243 241;oklch(96.2% 0.003 145.5);95.69 -1.0 1.0;C7 M3 Y5 K0;15;0.97;sicher;#f1f3f2;C5 M4 Y5 K0;1.47;sicher;#f2f2f0;1.12
Neutralleitern;Graphit;200;#e4e6e4;228 230 228;oklch(92.3% 0.003 145.5);90.98 -1.0 1.0;C13 M7 Y10 K0;30;1.0;sicher;#e4e6e4;C11 M7 Y9 K0;0.0;sicher;#e6e6e3;1.25
Neutralleitern;Graphit;300;#d2d4d2;210 212 210;oklch(86.8% 0.003 145.5);84.71 -1.0 1.0;C20 M13 Y16 K2;51;0.26;sicher;#d2d4d2;C18 M13 Y14 K0;1.47;sicher;#d3d3d1;1.49
Neutralleitern;Graphit;400;#afb2af;175 178 175;oklch(76.0% 0.005 145.5);72.16 -1.0 1.0;C33 M22 Y26 K7;88;1.4;sicher;#afb2af;C33 M24 Y25 K0;0.0;sicher;#b1b2ae;2.14
Neutralleitern;Graphit;500;#909390;144 147 144;oklch(66.0% 0.006 145.5);60.78 -2.0 1.0;C42 M31 Y35 K16;124;0.98;sicher;#909390;C45 M36 Y37 K2;1.69;sicher;#91928e;3.11
Neutralleitern;Graphit;600;#727572;114 117 114;oklch(55.9% 0.006 145.5);49.02 -2.0 1.0;C51 M40 Y42 K28;161;1.36;sicher;#727572;C56 M46 Y47 K11;1.73;sicher;#747571;4.66
Neutralleitern;Graphit;700;#595c59;89 92 89;oklch(47.1% 0.006 145.5);38.82 -2.0 1.0;C58 M46 Y49 K40;193;0.34;sicher;#595c59;C64 M55 Y54 K23;1.69;sicher;#5b5c58;6.77
Neutralleitern;Graphit;800;#414341;65 67 65;oklch(38.0% 0.004 145.5);28.24 -1.0 1.0;C66 M54 Y55 K55;230;0.3;sicher;#414341;C71 M65 Y60 K40;1.77;sicher;#434340;9.98
Neutralleitern;Graphit;900;#292b29;41 43 41;oklch(28.6% 0.005 145.5);17.25 -1.0 1.0;C73 M61 Y62 K70;266;0.0;sicher;#292b29;C78 M73 Y62 K58;1.77;sicher;#2c2b28;14.27
Neutralleitern;Graphit;950;#161816;22 24 22;oklch(20.6% 0.005 145.4);7.84 -1.0 1.0;C79 M68 Y66 K82;295;0.24;sicher;#161816;C86 M75 Y56 K73;1.53;sicher;#191918;17.85
Neutralleitern;Blaustichig;base;#8a939d;138 147 157;oklch(65.9% 0.018 250.9);60.39 -2.0 -6.0;C46 M32 Y27 K14;119;0.0;sicher;#89939d;C49 M36 Y29 K1;0.0;sicher;#8b929b;3.12
Neutralleitern;Blaustichig;50;#f6fbff;246 251 255;oklch(98.5% 0.008 241.7);98.43 -1.0 -3.0;C4 M2 Y0 K0;6;1.72;sicher;#f6f9fd;C3 M2 Y0 K0;1.72;sicher;#f7f9fc;1.04
Neutralleitern;Blaustichig;100;#edf3f9;237 243 249;oklch(96.1% 0.010 247.9);95.69 -1.0 -4.0;C8 M3 Y2 K0;13;0.86;sicher;#edf3f9;C7 M3 Y1 K0;0.9;sicher;#eff3f8;1.12
Neutralleitern;Blaustichig;200;#e0e6ec;224 230 236;oklch(92.2% 0.010 247.9);90.98 -1.0 -4.0;C15 M7 Y6 K0;28;0.24;sicher;#e0e6ec;C12 M7 Y5 K0;0.9;sicher;#e1e6eb;1.26
Neutralleitern;Blaustichig;300;#cdd4dc;205 212 220;oklch(86.7% 0.013 251.6);84.71 -1.0 -5.0;C23 M13 Y11 K1;48;0.52;sicher;#cdd4dc;C20 M12 Y9 K0;0.87;sicher;#cfd4db;1.5
Neutralleitern;Blaustichig;400;#aab2ba;170 178 186;oklch(76.0% 0.015 248.0);72.16 -2.0 -5.0;C35 M23 Y20 K6;84;1.32;sicher;#aab2ba;C35 M24 Y19 K0;1.35;sicher;#abb2b9;2.15
Neutralleitern;Blaustichig;500;#8a939d;138 147 157;oklch(65.9% 0.018 250.9);60.39 -2.0 -6.0;C46 M32 Y27 K14;119;0.0;sicher;#89939d;C49 M36 Y29 K1;0.0;sicher;#8b929b;3.12
Neutralleitern;Blaustichig;600;#6c7680;108 118 128;oklch(56.1% 0.020 248.2);49.02 -2.0 -7.0;C56 M40 Y33 K25;154;1.23;sicher;#6c7680;C60 M47 Y37 K7;0.87;sicher;#6e767f;4.62
Neutralleitern;Blaustichig;700;#535c65;83 92 101;oklch(47.0% 0.018 248.2);38.43 -2.0 -6.0;C64 M47 Y40 K37;188;1.43;sicher;#535c66;C69 M58 Y44 K19;1.35;sicher;#555c65;6.8
Neutralleitern;Blaustichig;800;#3c434b;60 67 75;oklch(38.0% 0.017 251.8);27.84 -1.0 -6.0;C71 M55 Y46 K51;223;1.34;sicher;#3c434b;C77 M68 Y51 K36;0.8;sicher;#3e434a;10.02
Neutralleitern;Blaustichig;900;#252b31;37 43 49;oklch(28.6% 0.014 248.3);17.25 -1.0 -5.0;C78 M64 Y53 K67;262;0.0;sicher;#252b31;C84 M76 Y55 K55;1.62;sicher;#282b30;14.3
Neutralleitern;Blaustichig;950;#13181c;19 24 28;oklch(20.6% 0.011 242.3);7.84 -1.0 -4.0;C84 M70 Y59 K80;293;1.35;sicher;#12181c;C89 M76 Y53 K71;1.91;sicher;#17191c;17.87
Neutralleitern;Beige;base;#989185;152 145 133;oklch(65.9% 0.019 81.3);60.39 1.0 7.0;C38 M33 Y40 K17;128;0.34;sicher;#989185;C41 M37 Y44 K3;1.48;sicher;#999183;3.12
Neutralleitern;Beige;50;#fef9f2;254 249 242;oklch(98.4% 0.011 76.6);98.04 1.0 4.0;C0 M2 Y6 K0;8;0.46;sicher;#fefaf2;C0 M3 Y5 K0;1.39;sicher;#fef8f1;1.05
Neutralleitern;Beige;100;#f6f2ea;246 242 234;oklch(96.2% 0.011 84.6);95.69 0.0 4.0;C4 M5 Y9 K0;18;1.44;sicher;#f6f2ea;C3 M4 Y8 K0;1.64;sicher;#f8f2e9;1.12
Neutralleitern;Beige;200;#eae4dc;234 228 220;oklch(92.1% 0.013 75.4);90.98 1.0 5.0;C9 M10 Y14 K0;33;1.39;sicher;#eae4dc;C8 M9 Y12 K0;1.52;sicher;#ebe4db;1.26
Neutralleitern;Beige;300;#d8d3ca;216 211 202;oklch(86.8% 0.013 82.4);84.71 1.0 5.0;C17 M15 Y20 K2;54;0.26;sicher;#d8d3ca;C16 M14 Y18 K0;0.85;sicher;#d9d3c9;1.49
Neutralleitern;Beige;400;#b7b0a6;183 176 166;oklch(76.0% 0.016 77.0);72.16 1.0 6.0;C29 M25 Y31 K8;93;0.0;sicher;#b7b0a6;C29 M26 Y30 K0;1.42;sicher;#b9afa5;2.15
Neutralleitern;Beige;500;#989185;152 145 133;oklch(65.9% 0.019 81.3);60.39 1.0 7.0;C38 M33 Y40 K17;128;0.34;sicher;#989185;C41 M37 Y44 K3;1.48;sicher;#999183;3.12
Neutralleitern;Beige;600;#7b7366;123 115 102;oklch(55.9% 0.022 80.0);49.02 1.0 8.0;C45 M41 Y50 K30;166;1.46;sicher;#7b7366;C50 M47 Y54 K13;1.51;sicher;#7c7365;4.68
Neutralleitern;Beige;700;#615a4e;97 90 78;oklch(47.1% 0.021 81.2);38.82 1.0 8.0;C53 M48 Y57 K42;200;0.0;sicher;#615a4e;C57 M55 Y62 K26;1.46;sicher;#625a4d;6.82
Neutralleitern;Beige;800;#474138;71 65 56;oklch(37.8% 0.017 78.1);27.84 1.0 6.0;C60 M55 Y62 K56;233;0.3;sicher;#474138;C64 M65 Y67 K43;1.93;sicher;#494137;10.09
Neutralleitern;Beige;900;#2e2922;46 41 34;oklch(28.4% 0.014 76.3);16.86 1.0 6.0;C67 M63 Y68 K72;270;0.0;sicher;#2e2922;C73 M73 Y66 K61;1.41;sicher;#2f2922;14.42
Neutralleitern;Beige;950;#1a1710;26 23 16;oklch(20.6% 0.014 87.5);7.84 0.0 5.0;C74 M69 Y73 K84;300;0.24;sicher;#1a170f;C84 M75 Y58 K73;2.69;abweichend;#1a1916;17.89
Neutralleitern;Salbei;base;#8d948d;141 148 141;oklch(65.9% 0.013 145.4);60.39 -4.0 3.0;C44 M30 Y37 K16;127;0.94;sicher;#8d948d;C47 M34 Y40 K2;1.22;sicher;#8e938c;3.11
Neutralleitern;Salbei;50;#f7fcf7;247 252 247;oklch(98.6% 0.008 145.5);98.43 -2.0 2.0;C4 M1 Y4 K0;9;1.67;sicher;#f8faf6;C3 M1 Y4 K0;1.44;sicher;#f8f9f6;1.04
Neutralleitern;Salbei;100;#eff4ef;239 244 239;oklch(96.2% 0.008 145.5);95.69 -2.0 2.0;C7 M2 Y7 K0;16;0.23;sicher;#f0f4ef;C6 M2 Y6 K0;0.23;sicher;#f1f4ee;1.11
Neutralleitern;Salbei;200;#e2e7e1;226 231 225;oklch(92.2% 0.010 140.5);90.98 -3.0 2.0;C14 M6 Y13 K0;33;0.0;sicher;#e2e7e2;C11 M6 Y11 K0;2.28;abweichend;#e4e7e0;1.25
Neutralleitern;Salbei;300;#d0d5cf;208 213 207;oklch(86.7% 0.010 140.5);84.71 -3.0 2.0;C21 M11 Y18 K1;51;0.26;sicher;#d0d5cf;C19 M11 Y16 K0;1.65;sicher;#d1d5ce;1.49
Neutralleitern;Salbei;400;#adb3ac;173 179 172;oklch(76.0% 0.012 141.3);72.16 -3.0 3.0;C34 M21 Y29 K7;91;0.0;sicher;#adb3ac;C34 M22 Y28 K0;0.0;sicher;#aeb3ab;2.14
Neutralleitern;Salbei;500;#8d948d;141 148 141;oklch(65.9% 0.013 145.4);60.39 -4.0 3.0;C44 M30 Y37 K16;127;0.94;sicher;#8d948d;C47 M34 Y40 K2;1.22;sicher;#8e938c;3.11
Neutralleitern;Salbei;600;#6f776f;111 119 111;oklch(56.0% 0.015 145.4);49.02 -4.0 3.0;C53 M37 Y46 K28;164;1.16;sicher;#6f776f;C57 M44 Y50 K11;1.56;sicher;#71776e;4.62
Neutralleitern;Salbei;700;#565d56;86 93 86;oklch(47.0% 0.014 145.3);38.82 -4.0 3.0;C60 M44 Y53 K41;198;0.34;sicher;#565d56;C65 M52 Y58 K24;1.6;sicher;#575d54;6.78
Neutralleitern;Salbei;800;#3e443e;62 68 62;oklch(37.9% 0.013 145.3);28.24 -4.0 3.0;C67 M51 Y59 K55;232;0.0;sicher;#3e443e;C72 M62 Y64 K40;1.56;sicher;#40443d;9.99
Neutralleitern;Salbei;900;#272c27;39 44 39;oklch(28.6% 0.011 145.3);17.25 -3.0 2.0;C74 M58 Y65 K70;267;1.25;sicher;#272c27;C79 M71 Y65 K58;2.87;abweichend;#2a2c27;14.23
Neutralleitern;Salbei;950;#151814;21 24 20;oklch(20.4% 0.009 137.8);7.84 -2.0 2.0;C79 M67 Y69 K83;298;0.0;sicher;#151814;C87 M75 Y56 K73;2.34;abweichend;#181a18;17.91
Neutralleitern;Ivory;base;#939386;147 147 134;oklch(65.9% 0.019 106.9);60.78 -2.0 7.0;C41 M31 Y41 K17;130;0.34;sicher;#939386;C44 M35 Y44 K3;0.83;sicher;#949284;3.11
Neutralleitern;Ivory;50;#fbfbf3;251 251 243;oklch(98.6% 0.011 106.6);98.43 -1.0 4.0;C2 M1 Y6 K0;9;0.87;sicher;#fbfbf3;C2 M1 Y5 K0;0.23;sicher;#fbfaf2;1.04
Neutralleitern;Ivory;100;#f3f3ea;243 243 234;oklch(96.2% 0.012 106.6);95.69 -1.0 4.0;C6 M3 Y10 K0;19;0.84;sicher;#f3f3ea;C5 M3 Y8 K0;0.0;sicher;#f4f3e9;1.12
Neutralleitern;Ivory;200;#e6e6dd;230 230 221;oklch(92.2% 0.012 106.6);90.98 -1.0 4.0;C12 M7 Y15 K0;34;0.84;sicher;#e6e5dc;C10 M7 Y12 K0;0.84;sicher;#e8e6dd;1.26
Neutralleitern;Ivory;300;#d4d4ca;212 212 202;oklch(86.7% 0.014 106.7);84.71 -1.0 5.0;C19 M13 Y20 K2;54;0.0;sicher;#d4d4ca;C17 M13 Y18 K0;1.65;sicher;#d5d3c9;1.49
Neutralleitern;Ivory;400;#b2b2a6;178 178 166;oklch(76.0% 0.017 106.8);72.16 -2.0 6.0;C31 M22 Y32 K8;93;0.84;sicher;#b2b2a6;C31 M24 Y31 K0;1.66;sicher;#b3b1a5;2.14
Neutralleitern;Ivory;500;#939386;147 147 134;oklch(65.9% 0.019 106.9);60.78 -2.0 7.0;C41 M31 Y41 K17;130;0.34;sicher;#939386;C44 M35 Y44 K3;0.83;sicher;#949284;3.11
Neutralleitern;Ivory;600;#757567;117 117 103;oklch(55.8% 0.021 107.1);49.02 -2.0 8.0;C49 M39 Y50 K29;167;0.0;sicher;#747567;C53 M44 Y54 K13;0.0;sicher;#767567;4.67
Neutralleitern;Ivory;700;#5c5c4f;92 92 79;oklch(47.1% 0.020 107.2);38.82 -2.0 8.0;C56 M45 Y57 K42;200;0.76;sicher;#5c5c4f;C60 M53 Y62 K25;1.34;sicher;#5e5c4e;6.78
Neutralleitern;Ivory;800;#434339;67 67 57;oklch(38.0% 0.016 107.2);28.24 -2.0 6.0;C63 M52 Y63 K56;234;0.0;sicher;#434339;C68 M62 Y68 K42;1.63;sicher;#444338;10.0
Neutralleitern;Ivory;900;#2b2b23;43 43 35;oklch(28.6% 0.014 107.3);17.25 -1.0 5.0;C70 M60 Y69 K71;270;0.26;sicher;#2b2b23;C75 M71 Y67 K60;1.44;sicher;#2d2b23;14.26
Neutralleitern;Ivory;950;#181810;24 24 16;oklch(20.6% 0.015 107.7);7.84 -1.0 5.0;C75 M67 Y74 K84;300;0.0;sicher;#18180f;C85 M74 Y58 K73;2.71;abweichend;#191a16;17.84
Neutralleitern;Warm Taupe;base;#9a9086;154 144 134;oklch(65.9% 0.019 67.5);60.39 3.0 7.0;C37 M35 Y39 K17;128;0.81;sicher;#9a9086;C40 M39 Y42 K3;0.0;sicher;#9b8f84;3.13
Neutralleitern;Warm Taupe;50;#fff9f4;255 249 244;oklch(98.5% 0.009 62.6);98.43 1.0 3.0;C0 M3 Y5 K0;8;0.23;sicher;#fff9f4;C0 M3 Y4 K0;1.41;sicher;#fff8f3;1.04
Neutralleitern;Warm Taupe;100;#f8f1eb;248 241 235;oklch(96.2% 0.011 63.4);95.69 2.0 4.0;C3 M6 Y8 K0;17;0.0;sicher;#f8f1eb;C2 M5 Y7 K0;0.88;sicher;#f9f1eb;1.12
Neutralleitern;Warm Taupe;200;#ebe4dd;235 228 221;oklch(92.2% 0.012 67.7);90.98 2.0 4.0;C9 M10 Y13 K0;32;0.0;sicher;#ebe4dd;C7 M9 Y11 K0;0.89;sicher;#ede4dc;1.26
Neutralleitern;Warm Taupe;300;#dad2ca;218 210 202;oklch(86.8% 0.014 67.6);84.71 2.0 5.0;C16 M16 Y19 K2;53;0.89;sicher;#dad2ca;C15 M15 Y17 K0;0.0;sicher;#dbd2c9;1.49
Neutralleitern;Warm Taupe;400;#b8afa7;184 175 167;oklch(75.9% 0.015 64.3);72.16 2.0 5.0;C28 M26 Y30 K8;92;0.82;sicher;#b8afa7;C29 M27 Y29 K0;1.46;sicher;#b9afa6;2.16
Neutralleitern;Warm Taupe;500;#9a9086;154 144 134;oklch(65.9% 0.019 67.5);60.39 3.0 7.0;C37 M35 Y39 K17;128;0.81;sicher;#9a9086;C40 M39 Y42 K3;0.0;sicher;#9b8f84;3.13
Neutralleitern;Warm Taupe;600;#7d7267;125 114 103;oklch(55.9% 0.022 67.4);48.63 3.0 8.0;C45 M43 Y48 K29;165;0.78;sicher;#7d7267;C49 M48 Y53 K13;0.39;sicher;#7f7367;4.69
Neutralleitern;Warm Taupe;700;#63594f;99 89 79;oklch(47.1% 0.020 67.3);38.43 3.0 7.0;C52 M49 Y55 K42;198;1.33;sicher;#63594f;C56 M57 Y61 K26;0.78;sicher;#64584e;6.84
Neutralleitern;Warm Taupe;800;#494139;73 65 57;oklch(38.1% 0.017 67.3);28.24 2.0 6.0;C59 M56 Y61 K56;232;0.0;sicher;#494139;C63 M66 Y67 K42;1.85;sicher;#4b4137;10.01
Neutralleitern;Warm Taupe;900;#2f2923;47 41 35;oklch(28.5% 0.014 67.2);17.25 2.0 5.0;C67 M64 Y67 K71;269;0.0;sicher;#2f2923;C73 M74 Y65 K60;0.0;sicher;#302923;14.36
Neutralleitern;Warm Taupe;950;#1c1611;28 22 17;oklch(20.6% 0.014 61.8);7.84 2.0 4.0;C73 M71 Y71 K83;298;0.0;sicher;#1c1611;C83 M76 Y57 K73;2.26;abweichend;#1c1917;17.91
Neutralleitern;Pearl White;base;#929292;146 146 146;oklch(66.0% 0.000 89.9);60.39 0.0 0.0;C41 M33 Y33 K16;123;0.34;sicher;#929292;C45 M38 Y35 K2;1.49;sicher;#939190;3.11
Neutralleitern;Pearl White;50;#fafafa;250 250 250;oklch(98.5% 0.000 89.9);98.43 0.0 0.0;C2 M2 Y2 K0;6;0.23;sicher;#fafafb;C2 M2 Y2 K0;0.23;sicher;#faf9f9;1.04
Neutralleitern;Pearl White;100;#f2f2f2;242 242 242;oklch(96.1% 0.000 89.9);95.29 0.0 0.0;C6 M4 Y5 K0;15;0.23;sicher;#f2f2f2;C5 M4 Y4 K0;0.23;sicher;#f4f2f1;1.12
Neutralleitern;Pearl White;200;#e5e5e5;229 229 229;oklch(92.2% 0.000 89.9);90.98 0.0 0.0;C12 M8 Y9 K0;29;0.24;sicher;#e5e5e5;C10 M8 Y7 K0;1.45;sicher;#e6e5e5;1.26
Neutralleitern;Pearl White;300;#d3d3d3;211 211 211;oklch(86.7% 0.000 89.9);84.71 0.0 0.0;C19 M14 Y15 K2;50;0.26;sicher;#d3d3d3;C17 M13 Y13 K0;1.01;sicher;#d5d3d2;1.5
Neutralleitern;Pearl White;400;#b1b1b1;177 177 177;oklch(76.0% 0.000 89.9);72.16 0.0 0.0;C31 M24 Y24 K7;86;0.3;sicher;#b1b1b1;C31 M25 Y24 K0;1.76;sicher;#b3b1b1;2.14
Neutralleitern;Pearl White;500;#929292;146 146 146;oklch(66.0% 0.000 89.9);60.39 0.0 0.0;C41 M33 Y33 K16;123;0.34;sicher;#929292;C45 M38 Y35 K2;1.49;sicher;#939190;3.11
Neutralleitern;Pearl White;600;#747474;116 116 116;oklch(55.9% 0.000 89.9);49.02 0.0 0.0;C50 M41 Y40 K28;159;0.39;sicher;#747475;C55 M48 Y45 K11;1.78;sicher;#767473;4.67
Neutralleitern;Pearl White;700;#5b5b5b;91 91 91;oklch(47.1% 0.000 89.9);38.82 0.0 0.0;C58 M48 Y47 K40;193;0.34;sicher;#5b5b5b;C63 M57 Y52 K23;1.77;sicher;#5d5a5a;6.79
Neutralleitern;Pearl White;800;#424242;66 66 66;oklch(37.9% 0.000 89.9);27.84 0.0 0.0;C65 M55 Y53 K55;228;0.0;sicher;#424242;C70 M66 Y58 K40;1.76;sicher;#444241;10.05
Neutralleitern;Pearl White;900;#2a2a2a;42 42 42;oklch(28.5% 0.000 89.9);16.86 0.0 0.0;C73 M63 Y60 K70;266;0.0;sicher;#2a2a2a;C78 M75 Y60 K59;1.73;sicher;#2d2a29;14.35
Neutralleitern;Pearl White;950;#171717;23 23 23;oklch(20.5% 0.000 89.9);7.84 0.0 0.0;C79 M70 Y64 K82;295;0.0;sicher;#171717;C86 M76 Y55 K73;0.48;sicher;#191919;17.93
Neutralleitern;Mint;base;#839b74;131 155 116;oklch(66.0% 0.062 133.6);61.18 -14.0 18.0;C49 M20 Y57 K15;141;0.34;sicher;#839b74;C51 M24 Y59 K2;0.0;sicher;#849a72;3.04
Neutralleitern;Mint;50;#f3ffec;243 255 236;oklch(98.6% 0.028 133.7);98.82 -7.0 8.0;C6 M0 Y11 K0;17;4.62;abweichend;#f4f8eb;C5 M0 Y9 K0;4.57;abweichend;#f4f9ea;1.03
Neutralleitern;Mint;100;#e9f8e0;233 248 224;oklch(96.2% 0.035 133.5);96.08 -8.0 10.0;C11 M0 Y17 K0;28;3.27;abweichend;#eaf3df;C10 M0 Y15 K0;2.2;abweichend;#eaf3de;1.11
Neutralleitern;Mint;200;#dbecd1;219 236 209;oklch(92.3% 0.040 133.8);91.76 -9.0 11.0;C18 M0 Y24 K0;42;0.24;sicher;#dbead1;C15 M1 Y20 K0;0.98;sicher;#ddebd0;1.24
Neutralleitern;Mint;300;#c8dabe;200 218 190;oklch(86.7% 0.043 134.3);85.1 -10.0 12.0;C26 M5 Y31 K0;62;0.26;sicher;#c8dabe;C23 M5 Y27 K0;0.26;sicher;#c9dabd;1.48
Neutralleitern;Mint;400;#a4b998;164 185 152;oklch(76.1% 0.052 134.2);72.94 -12.0 14.0;C39 M13 Y44 K6;102;0.29;sicher;#a4b998;C37 M15 Y42 K0;1.16;sicher;#a6ba98;2.11
Neutralleitern;Mint;500;#839b74;131 155 116;oklch(66.0% 0.062 133.6);61.18 -14.0 18.0;C49 M20 Y57 K15;141;0.34;sicher;#839b74;C51 M24 Y59 K2;0.0;sicher;#849a72;3.04
Neutralleitern;Mint;600;#637d53;99 125 83;oklch(55.8% 0.069 134.0);49.41 -16.0 20.0;C58 M26 Y69 K29;182;0.0;sicher;#637d53;C62 M33 Y75 K10;0.99;sicher;#657d52;4.58
Neutralleitern;Mint;700;#4b633c;75 99 60;oklch(46.9% 0.067 134.1);39.22 -15.0 19.0;C64 M32 Y76 K43;215;0.0;sicher;#4b633c;C70 M41 Y85 K22;1.03;sicher;#4c633a;6.67
Neutralleitern;Mint;800;#36492b;54 73 43;oklch(38.0% 0.054 134.7);28.63 -13.0 15.0;C69 M39 Y80 K58;246;0.67;sicher;#36492b;C76 M51 Y88 K39;1.12;sicher;#384929;9.79
Neutralleitern;Mint;900;#212f17;33 47 23;oklch(28.5% 0.045 133.3);17.65 -10.0 13.0;C73 M47 Y85 K74;279;0.64;sicher;#212f17;C83 M63 Y78 K58;2.6;abweichend;#222f1e;14.15
Neutralleitern;Mint;950;#0e1c05;14 28 5;oklch(20.7% 0.047 134.3);8.63 -10.0 10.0;C78 M54 Y89 K85;306;1.29;sicher;#0e1c05;C89 M69 Y63 K72;5.94;kritisch;#131d16;17.69
Neutralleitern;Forest;base;#497174;73 113 116;oklch(52.0% 0.045 201.9);44.71 -14.0 -6.0;C68 M33 Y40 K31;172;0.74;sicher;#497174;C74 M42 Y45 K11;0.78;sicher;#4b7173;5.39
Neutralleitern;Forest;50;#f3f6f6;243 246 246;oklch(97.1% 0.003 197.1);96.47 -1.0 0.0;C5 M2 Y4 K0;11;0.23;sicher;#f3f6f6;C5 M3 Y3 K0;1.47;sicher;#f4f5f5;1.09
Neutralleitern;Forest;100;#e7eced;231 236 237;oklch(94.0% 0.006 211.0);92.94 -2.0 -1.0;C11 M5 Y7 K0;23;1.37;sicher;#e7eced;C9 M5 Y5 K0;1.39;sicher;#e8ecec;1.19
Neutralleitern;Forest;200;#ced9da;206 217 218;oklch(87.7% 0.012 203.5);85.88 -4.0 -2.0;C22 M9 Y14 K1;46;0.91;sicher;#ced9da;C20 M9 Y11 K0;1.22;sicher;#cfd8d9;1.44
Neutralleitern;Forest;300;#aabdbe;170 189 190;oklch(78.4% 0.021 200.6);75.29 -7.0 -3.0;C36 M16 Y22 K5;79;1.09;sicher;#aabdbe;C35 M17 Y21 K0;1.31;sicher;#abbcbc;1.96
Neutralleitern;Forest;400;#799799;121 151 153;oklch(65.4% 0.034 201.4);60.39 -10.0 -5.0;C53 M25 Y32 K15;125;0.34;sicher;#799799;C56 M30 Y34 K1;1.05;sicher;#7a9698;3.13
Neutralleitern;Forest;500;#497174;73 113 116;oklch(52.0% 0.045 201.9);44.71 -14.0 -6.0;C68 M33 Y40 K31;172;0.74;sicher;#497174;C74 M42 Y45 K11;0.78;sicher;#4b7173;5.39
Neutralleitern;Forest;600;#29585c;41 88 92;oklch(42.9% 0.052 202.8);34.12 -16.0 -8.0;C78 M37 Y45 K45;205;0.72;sicher;#28585c;C87 M50 Y51 K24;0.88;sicher;#2b585c;7.94
Neutralleitern;Forest;700;#16494d;22 73 77;oklch(37.4% 0.053 202.5);27.84 -16.0 -8.0;C83 M40 Y47 K55;225;0.3;sicher;#15494d;C94 M56 Y55 K33;0.88;sicher;#1b494d;10.03
Neutralleitern;Forest;800;#0c4146;12 65 70;oklch(34.5% 0.053 204.5);24.31 -16.0 -8.0;C85 M42 Y47 K60;234;0.0;sicher;#0b4146;C97 M60 Y55 K39;0.73;sicher;#114145;11.29
Neutralleitern;Forest;900;#082e31;8 46 49;oklch(27.7% 0.041 202.7);16.47 -13.0 -6.0;C88 M50 Y54 K70;262;0.26;sicher;#082e31;C98 M68 Y57 K55;1.67;sicher;#0f2e32;14.53
Neutralleitern;Forest;950;#051d20;5 29 32;oklch(21.3% 0.030 206.3);9.02 -8.0 -5.0;C89 M60 Y57 K80;286;0.97;sicher;#051d20;C94 M73 Y56 K68;2.62;abweichend;#111e20;17.46
Neutralleitern;Lime;base;#37e93d;55 233 61;oklch(81.6% 0.251 143.2);81.57 -68.0 65.0;C69 M0 Y98 K0;167;14.3;kritisch;#52af35;C60 M0 Y100 K0;15.85;kritisch;#6bac34;1.63
Neutralleitern;Lime;50;#f0ffef;240 255 239;oklch(98.5% 0.026 143.6);98.43 -7.0 6.0;C7 M0 Y10 K0;17;4.6;abweichend;#f1f7ed;C6 M0 Y9 K0;4.6;abweichend;#f2f8ec;1.04
Neutralleitern;Lime;100;#d0ffcd;208 255 205;oklch(95.4% 0.082 143.3);95.69 -22.0 19.0;C21 M0 Y29 K0;50;7.73;kritisch;#d6e8c7;C19 M0 Y25 K0;7.85;kritisch;#d3e6c4;1.11
Neutralleitern;Lime;200;#a4ff9f;164 255 159;oklch(92.0% 0.155 143.0);92.55 -42.0 37.0;C39 M0 Y52 K0;91;11.55;kritisch;#add296;C34 M0 Y50 K0;11.71;kritisch;#aed190;1.21
Neutralleitern;Lime;300;#61ff61;97 255 97;oklch(88.5% 0.240 143.2);89.41 -65.0 60.0;C63 M0 Y87 K0;150;17.0;kritisch;#6ab649;C50 M0 Y92 K0;18.03;kritisch;#86b73d;1.31
Neutralleitern;Lime;400;#3df643;61 246 67;oklch(85.1% 0.260 143.2);85.88 -71.0 67.0;C68 M0 Y96 K0;164;17.0;kritisch;#58b138;C58 M0 Y100 K0;18.26;kritisch;#72ae32;1.45
Neutralleitern;Lime;500;#37e93d;55 233 61;oklch(81.6% 0.251 143.2);81.57 -68.0 65.0;C69 M0 Y98 K0;167;14.3;kritisch;#52af35;C60 M0 Y100 K0;15.85;kritisch;#6bac34;1.63
Neutralleitern;Lime;600;#00c01a;0 192 26;oklch(70.1% 0.233 143.2);67.84 -63.0 62.0;C74 M0 Y100 K0;174;6.42;kritisch;#3eab34;C72 M0 Y100 K0;9.38;kritisch;#45a139;2.45
Neutralleitern;Lime;700;#009612;0 150 18;oklch(58.4% 0.194 143.2);53.73 -53.0 51.0;C77 M2 Y100 K9;188;3.38;abweichend;#279c32;C82 M1 Y100 K0;4.65;abweichend;#18983c;3.91
Neutralleitern;Lime;800;#006f0a;0 111 10;oklch(47.0% 0.156 143.2);40.39 -43.0 41.0;C78 M8 Y100 K38;224;3.1;abweichend;#207425;C90 M23 Y100 K12;6.19;kritisch;#117136;6.41
Neutralleitern;Lime;900;#004904;0 73 4;oklch(35.2% 0.117 143.2);26.27 -32.0 31.0;C78 M14 Y100 K65;257;2.55;abweichend;#104c15;C93 M44 Y100 K38;6.37;kritisch;#114922;10.74
Neutralleitern;Lime;950;#002801;0 40 1;oklch(24.0% 0.080 143.0);12.94 -22.0 18.0;C81 M36 Y100 K82;299;1.1;sicher;#052904;C94 M63 Y73 K63;9.03;kritisch;#0c281c;16.1
Systemfarben;Neutral;base;#7a7a7a;122 122 122;oklch(58.0% 0.000 89.9);51.37 0.0 0.0;C49 M39 Y38 K25;151;1.73;sicher;#797a7a;C53 M46 Y43 K8;1.73;sicher;#7c7a79;4.29
Systemfarben;Neutral;100;#e4e4e4;228 228 228;oklch(91.9% 0.000 89.9);90.59 0.0 0.0;C12 M9 Y9 K0;30;0.0;sicher;#e4e4e4;C11 M8 Y8 K0;0.0;sicher;#e5e4e4;1.27
Systemfarben;Neutral;200;#cacaca;202 202 202;oklch(83.9% 0.000 89.9);81.18 0.0 0.0;C22 M16 Y17 K3;58;0.27;sicher;#cacaca;C21 M16 Y16 K0;1.01;sicher;#cccac9;1.64
Systemfarben;Neutral;300;#afafaf;175 175 175;oklch(75.4% 0.000 89.9);71.37 0.0 0.0;C32 M24 Y25 K8;89;0.3;sicher;#afafaf;C33 M25 Y24 K0;0.3;sicher;#b1afaf;2.19
Systemfarben;Neutral;400;#959595;149 149 149;oklch(67.0% 0.000 89.9);61.57 0.0 0.0;C40 M32 Y32 K15;119;0.34;sicher;#959595;C44 M36 Y34 K2;0.34;sicher;#969494;3.0
Systemfarben;Neutral;500;#7a7a7a;122 122 122;oklch(58.0% 0.000 89.9);51.37 0.0 0.0;C49 M39 Y38 K25;151;1.73;sicher;#797a7a;C53 M46 Y43 K8;1.73;sicher;#7c7a79;4.29
Systemfarben;Neutral;600;#626262;98 98 98;oklch(49.6% 0.000 89.9);41.57 0.0 0.0;C55 M46 Y45 K36;182;0.35;sicher;#626262;C61 M54 Y50 K19;0.98;sicher;#636161;6.1
Systemfarben;Neutral;700;#494949;73 73 73;oklch(40.5% 0.000 89.9);30.98 0.0 0.0;C63 M53 Y51 K50;217;0.0;sicher;#494949;C68 M64 Y56 K35;1.73;sicher;#4b4948;9.0
Systemfarben;Neutral;800;#313131;49 49 49;oklch(31.3% 0.000 89.9);20.39 0.0 0.0;C71 M61 Y58 K65;255;0.27;sicher;#303131;C75 M72 Y61 K53;2.38;abweichend;#343130;13.01
Systemfarben;Neutral;900;#181818;24 24 24;oklch(20.9% 0.000 89.9);8.24 0.0 0.0;C79 M70 Y64 K82;295;0.24;sicher;#171818;C85 M76 Y56 K72;1.09;sicher;#1a1919;17.76
Systemfarben;Neutral;950;#0c0c0c;12 12 12;oklch(15.4% 0.000 89.9);3.53 0.0 0.0;C83 M74 Y65 K88;310;0.0;sicher;#0c0d0d;C91 M74 Y51 K79;1.87;sicher;#0f1011;19.56
Systemfarben;Info;base;#4589ff;69 137 255;oklch(64.7% 0.189 260.6);57.25 9.0 -66.0;C71 M49 Y0 K0;120;8.64;kritisch;#5979bb;C78 M47 Y0 K0;8.81;kritisch;#447ab6;3.35
Systemfarben;Info;100;#dae7ff;218 231 255;oklch(92.6% 0.036 262.8);91.37 -1.0 -13.0;C17 M7 Y0 K0;24;2.1;abweichend;#d9e4f5;C14 M6 Y0 K0;3.69;abweichend;#dde6f4;1.25
Systemfarben;Info;200;#b5d0ff;181 208 255;oklch(85.4% 0.072 261.4);82.75 -1.0 -26.0;C33 M15 Y0 K0;48;3.82;abweichend;#b5caea;C29 M13 Y0 K0;4.31;abweichend;#b8cde9;1.56
Systemfarben;Info;300;#8fb8ff;143 184 255;oklch(78.1% 0.111 261.1);73.73 0.0 -40.0;C47 M25 Y0 K0;72;4.95;abweichend;#91aedc;C44 M21 Y0 K0;4.84;abweichend;#92b2da;2.01
Systemfarben;Info;400;#6aa1ff;106 161 255;oklch(71.3% 0.150 260.5);65.49 3.0 -53.0;C60 M36 Y0 K0;96;6.31;kritisch;#7394cd;C60 M33 Y0 K0;6.41;kritisch;#6d96c9;2.58
Systemfarben;Info;500;#4589ff;69 137 255;oklch(64.7% 0.189 260.6);57.25 9.0 -66.0;C71 M49 Y0 K0;120;8.64;kritisch;#5979bb;C78 M47 Y0 K0;8.81;kritisch;#447ab6;3.35
Systemfarben;Info;600;#376ecc;55 110 204;oklch(55.1% 0.157 260.4);46.67 7.0 -55.0;C79 M58 Y0 K0;137;4.33;abweichend;#4368b0;C85 M58 Y0 K0;3.97;abweichend;#3869aa;4.92
Systemfarben;Info;700;#295299;41 82 153;oklch(44.8% 0.125 260.6);34.9 5.0 -44.0;C89 M67 Y3 K7;166;0.7;sicher;#275299;C95 M77 Y2 K0;0.89;sicher;#2a5396;7.61
Systemfarben;Info;800;#1c3766;28 55 102;oklch(34.2% 0.089 260.7);23.14 3.0 -31.0;C92 M71 Y14 K41;218;0.28;sicher;#1a3766;C100 M86 Y31 K17;2.97;abweichend;#233f64;11.75
Systemfarben;Info;900;#0e1b33;14 27 51;oklch(22.5% 0.050 261.7);9.8 2.0 -18.0;C94 M75 Y33 K71;273;1.15;sicher;#0d1b33;C100 M86 Y43 K56;4.67;abweichend;#162234;17.17
Systemfarben;Info;950;#070e1a;7 14 26;oklch(16.3% 0.028 259.9);3.92 0.0 -8.0;C92 M76 Y50 K84;302;1.34;sicher;#060e1a;C94 M76 Y47 K75;3.07;abweichend;#0f141a;19.32
Systemfarben;Success;base;#24a148;36 161 72;oklch(62.3% 0.166 148.1);58.43 -49.0 36.0;C77 M2 Y89 K4;172;0.35;sicher;#22a148;C78 M0 Y91 K0;1.24;sicher;#299e47;3.35
Systemfarben;Success;100;#d3ecda;211 236 218;oklch(92.0% 0.036 154.3);90.98 -11.0 6.0;C20 M0 Y19 K0;39;1.82;sicher;#d5e9da;C18 M0 Y16 K0;1.81;sicher;#d5ead9;1.25
Systemfarben;Success;200;#a7d9b6;167 217 182;oklch(84.1% 0.071 154.1);82.35 -22.0 12.0;C39 M0 Y37 K0;76;1.78;sicher;#a9d5b5;C35 M0 Y32 K0;1.78;sicher;#abd4b4;1.59
Systemfarben;Success;300;#7cc791;124 199 145;oklch(76.6% 0.108 152.1);74.12 -33.0 19.0;C55 M0 Y55 K0;110;1.23;sicher;#7dc28f;C51 M0 Y50 K0;2.3;abweichend;#7fbf8e;2.01
Systemfarben;Success;400;#50b46d;80 180 109;oklch(69.2% 0.140 150.7);66.27 -43.0 27.0;C68 M1 Y71 K0;140;0.94;sicher;#50b26c;C66 M0 Y68 K0;2.37;abweichend;#56ad6d;2.6
Systemfarben;Success;500;#24a148;36 161 72;oklch(62.3% 0.166 148.1);58.43 -49.0 36.0;C77 M2 Y89 K4;172;0.35;sicher;#22a148;C78 M0 Y91 K0;1.24;sicher;#299e47;3.35
Systemfarben;Success;600;#1d813a;29 129 58;oklch(53.1% 0.139 148.3);47.45 -41.0 30.0;C79 M8 Y91 K26;204;0.58;sicher;#16813a;C85 M18 Y99 K4;0.44;sicher;#1c813b;4.94
Systemfarben;Success;700;#16612b;22 97 43;oklch(43.5% 0.112 148.4);35.69 -33.0 24.0;C81 M16 Y92 K47;236;0.54;sicher;#15622b;C90 M33 Y100 K20;1.42;sicher;#176130;7.56
Systemfarben;Success;800;#0e401d;14 64 29;oklch(32.9% 0.080 149.4);23.14 -24.0 16.0;C83 M31 Y91 K66;271;0.28;sicher;#0e411d;C91 M50 Y91 K45;1.99;sicher;#154023;11.87
Systemfarben;Success;900;#07200e;7 32 14;oklch(21.8% 0.047 150.2);9.8 -14.0 8.0;C84 M51 Y84 K83;302;0.78;sicher;#07200d;C92 M67 Y65 K69;5.67;kritisch;#0f2019;17.19
Systemfarben;Success;950;#041007;4 16 7;oklch(15.7% 0.028 152.3);3.53 -5.0 3.0;C85 M65 Y75 K89;314;0.23;sicher;#051008;C92 M72 Y53 K78;5.2;kritisch;#0c1210;19.4
Systemfarben;Warning;base;#d4a400;212 164 0;oklch(74.2% 0.152 87.5);70.2 10.0 73.0;C4 M28 Y95 K17;144;0.67;sicher;#d4a408;C16 M29 Y100 K0;1.29;sicher;#d5a51d;2.31
Systemfarben;Warning;100;#f6edcc;246 237 204;oklch(94.5% 0.044 94.5);93.73 -1.0 17.0;C5 M5 Y25 K0;35;0.0;sicher;#f6edcc;C4 M5 Y21 K0;1.33;sicher;#f7edcc;1.17
Systemfarben;Warning;200;#eedb99;238 219 153;oklch(89.2% 0.087 94.0);87.84 0.0 35.0;C8 M11 Y47 K1;67;0.25;sicher;#eedb99;C7 M11 Y44 K0;0.81;sicher;#eeda97;1.38
Systemfarben;Warning;300;#e5c866;229 200 102;oklch(83.8% 0.122 93.1);81.57 2.0 52.0;C8 M16 Y67 K6;97;0.27;sicher;#e5c866;C10 M16 Y68 K0;0.72;sicher;#e7c863;1.64
Systemfarben;Warning;400;#ddb633;221 182 51;oklch(78.9% 0.147 91.3);76.08 5.0 67.0;C6 M22 Y84 K12;124;0.77;sicher;#ddb633;C13 M22 Y92 K0;1.28;sicher;#deb52e;1.94
Systemfarben;Warning;500;#d4a400;212 164 0;oklch(74.2% 0.152 87.5);70.2 10.0 73.0;C4 M28 Y95 K17;144;0.67;sicher;#d4a408;C16 M29 Y100 K0;1.29;sicher;#d5a51d;2.31
Systemfarben;Warning;600;#aa8300;170 131 0;oklch(63.0% 0.129 87.5);57.25 8.0 62.0;C8 M32 Y97 K35;172;0.36;sicher;#aa8408;C29 M39 Y100 K7;3.0;abweichend;#ab8528;3.53
Systemfarben;Warning;700;#7f6200;127 98 0;oklch(51.1% 0.104 88.3);43.53 6.0 50.0;C15 M35 Y97 K54;201;0.36;sicher;#806306;C40 M51 Y100 K21;4.03;abweichend;#816325;5.75
Systemfarben;Warning;800;#554200;85 66 0;oklch(38.8% 0.079 90.1);29.41 4.0 38.0;C25 M41 Y97 K71;234;0.0;sicher;#554203;C55 M61 Y98 K42;4.47;abweichend;#53431a;9.7
Systemfarben;Warning;900;#2a2100;42 33 0;oklch(25.1% 0.051 93.9);13.33 1.0 19.0;C53 M57 Y93 K83;286;0.53;sicher;#2a2101;C76 M73 Y70 K66;6.94;kritisch;#272318;15.96
Systemfarben;Warning;950;#151000;21 16 0;oklch(17.4% 0.036 96.0);4.71 0.0 7.0;C71 M69 Y83 K89;312;0.23;sicher;#151003;C87 M74 Y55 K77;5.17;kritisch;#131310;18.99
Systemfarben;Danger;base;#fa4d56;250 77 86;oklch(66.6% 0.209 22.1);59.22 67.0 35.0;C0 M82 Y61 K0;143;3.5;abweichend;#e94a50;C0 M83 Y59 K0;4.3;abweichend;#e54f59;3.35
Systemfarben;Danger;100;#fedbdd;254 219 221;oklch(92.1% 0.039 14.0);90.59 13.0 4.0;C0 M20 Y9 K0;29;1.14;sicher;#fadadc;C0 M18 Y7 K0;1.14;sicher;#fbdadc;1.28
Systemfarben;Danger;200;#fdb8bb;253 184 187;oklch(84.7% 0.080 16.0);81.57 26.0 9.0;C0 M38 Y19 K0;57;1.52;sicher;#f6b7b9;C0 M35 Y16 K0;1.3;sicher;#f6b6ba;1.65
Systemfarben;Danger;300;#fc949a;252 148 154;oklch(77.7% 0.125 16.7);72.94 41.0 15.0;C0 M54 Y29 K0;83;1.99;sicher;#f29397;C0 M52 Y25 K0;2.62;abweichend;#ef9199;2.13
Systemfarben;Danger;400;#fb7178;251 113 120;oklch(71.6% 0.169 19.3);65.49 54.0 24.0;C0 M69 Y44 K0;113;2.82;abweichend;#ed6e73;C0 M68 Y40 K0;3.32;abweichend;#ea6f78;2.71
Systemfarben;Danger;500;#fa4d56;250 77 86;oklch(66.6% 0.209 22.1);59.22 67.0 35.0;C0 M82 Y61 K0;143;3.5;abweichend;#e94a50;C0 M83 Y59 K0;4.3;abweichend;#e54f59;3.35
Systemfarben;Danger;600;#c83e45;200 62 69;oklch(56.6% 0.174 22.0);47.84 56.0 29.0;C7 M84 Y62 K13;166;0.58;sicher;#c83e45;C11 M93 Y73 K2;0.64;sicher;#c93d44;4.96
Systemfarben;Danger;700;#962e34;150 46 52;oklch(46.0% 0.139 21.3);36.08 44.0 22.0;C16 M87 Y64 K36;203;0.39;sicher;#962e34;C24 M100 Y77 K20;0.0;sicher;#963034;7.67
Systemfarben;Danger;800;#641f22;100 31 34;oklch(34.8% 0.100 21.5);23.53 32.0 16.0;C31 M89 Y67 K58;245;0.0;sicher;#641f22;C40 M100 Y71 K45;2.1;abweichend;#612627;11.93
Systemfarben;Danger;900;#320f11;50 15 17;oklch(22.7% 0.057 19.4);9.8 18.0 7.0;C55 M87 Y67 K79;288;0.0;sicher;#320f10;C73 M86 Y53 K70;7.44;kritisch;#2a191c;17.33
Systemfarben;Danger;950;#190809;25 8 9;oklch(16.2% 0.031 17.0);3.53 7.0 2.0;C72 M83 Y67 K87;309;0.23;sicher;#1a0909;C88 M77 Y50 K78;7.62;kritisch;#141011;19.44
Reservefarben;Neo Darkblue — Reserve fuer das Backend-Theme;base;#002049;0 32 73;oklch(25.0% 0.085 256.0);12.16 3.0 -29.0;C100 M76 Y15 K61;252;0.74;sicher;#022149;C100 M84 Y39 K40;6.72;kritisch;#1c3149;16.12
Reservefarben;Neo Darkblue — Reserve fuer das Backend-Theme;100;#ccd2db;204 210 219;oklch(86.2% 0.014 258.3);83.92 -1.0 -5.0;C23 M14 Y11 K1;49;0.26;sicher;#cdd2db;C20 M13 Y9 K0;1.6;sicher;#ced2da;1.52
Reservefarben;Neo Darkblue — Reserve fuer das Backend-Theme;200;#99a6b6;153 166 182;oklch(72.0% 0.028 253.6);67.45 -2.0 -10.0;C42 M27 Y19 K7;95;0.0;sicher;#99a6b6;C42 M28 Y18 K0;0.7;sicher;#9ba6b5;2.48
Reservefarben;Neo Darkblue — Reserve fuer das Backend-Theme;300;#667992;102 121 146;oklch(57.0% 0.045 255.4);49.8 -3.0 -16.0;C60 M41 Y24 K18;143;1.35;sicher;#667992;C64 M47 Y26 K4;1.3;sicher;#687991;4.45
Reservefarben;Neo Darkblue — Reserve fuer das Backend-Theme;400;#334d6d;51 77 109;oklch(41.4% 0.063 254.2);31.76 -2.0 -22.0;C80 M55 Y25 K37;197;0.95;sicher;#324d6d;C89 M72 Y31 K16;0.0;sicher;#354d6c;8.67
Reservefarben;Neo Darkblue — Reserve fuer das Backend-Theme;500;#002049;0 32 73;oklch(25.0% 0.085 256.0);12.16 3.0 -29.0;C100 M76 Y15 K61;252;0.74;sicher;#022149;C100 M84 Y39 K40;6.72;kritisch;#1c3149;16.12
Reservefarben;Neo Darkblue — Reserve fuer das Backend-Theme;600;#001a3a;0 26 58;oklch(22.0% 0.071 254.2);9.02 2.0 -24.0;C99 M75 Y21 K70;265;0.97;sicher;#021b3b;C100 M84 Y41 K52;6.47;kritisch;#17273b;17.37
Reservefarben;Neo Darkblue — Reserve fuer das Backend-Theme;700;#00132c;0 19 44;oklch(18.7% 0.058 253.2);5.88 0.0 -19.0;C99 M76 Y31 K77;283;0.0;sicher;#02142c;C100 M81 Y42 K65;4.77;abweichend;#101d2b;18.59
Reservefarben;Neo Darkblue — Reserve fuer das Backend-Theme;800;#000d1d;0 13 29;oklch(15.5% 0.042 248.1);3.53 -1.0 -11.0;C96 M75 Y44 K84;299;0.0;sicher;#020d1d;C97 M76 Y46 K75;3.88;abweichend;#0b131b;19.53
Reservefarben;Neo Darkblue — Reserve fuer das Backend-Theme;900;#00060f;0 6 15;oklch(11.8% 0.029 243.8);1.57 -1.0 -4.0;C92 M76 Y55 K89;312;0.86;sicher;#01070f;C95 M73 Y47 K82;2.33;abweichend;#070b0f;20.33
Reservefarben;Neo Darkblue — Reserve fuer das Backend-Theme;950;#000307;0 3 7;oklch(9.2% 0.021 239.8);0.78 0.0 -2.0;C90 M77 Y61 K91;319;1.45;sicher;#020508;C96 M71 Y46 K84;1.95;sicher;#04080a;20.67
Reservefarben;Neo Blue — Reserve fuer das Backend-Theme;base;#009ee3;0 158 227;oklch(66.4% 0.148 238.3);60.78 -16.0 -45.0;C75 M24 Y0 K0;99;1.56;sicher;#239ad6;C76 M21 Y0 K0;2.74;abweichend;#2998d0;3.0
Reservefarben;Neo Blue — Reserve fuer das Backend-Theme;100;#ccecf9;204 236 249;oklch(92.4% 0.038 224.3);91.37 -9.0 -10.0;C22 M0 Y3 K0;25;1.91;sicher;#cfeaf6;C20 M0 Y2 K0;1.07;sicher;#ceeaf7;1.24
Reservefarben;Neo Blue — Reserve fuer das Backend-Theme;200;#99d8f4;153 216 244;oklch(84.9% 0.075 227.4);82.75 -16.0 -21.0;C42 M0 Y3 K0;45;0.69;sicher;#9ad7f2;C38 M1 Y2 K0;1.44;sicher;#9cd6f0;1.56
Reservefarben;Neo Blue — Reserve fuer das Backend-Theme;300;#66c5ee;102 197 238;oklch(78.1% 0.107 228.6);74.9 -20.0 -30.0;C58 M2 Y2 K0;62;0.76;sicher;#66c5ed;C55 M2 Y0 K0;0.64;sicher;#69c4ec;1.95
Reservefarben;Neo Blue — Reserve fuer das Backend-Theme;400;#33b1e9;51 177 233;oklch(71.8% 0.133 232.8);67.45 -21.0 -38.0;C69 M11 Y0 K0;80;0.72;sicher;#37afe5;C68 M9 Y0 K0;1.24;sicher;#3faee0;2.44
Reservefarben;Neo Blue — Reserve fuer das Backend-Theme;500;#009ee3;0 158 227;oklch(66.4% 0.148 238.3);60.78 -16.0 -45.0;C75 M24 Y0 K0;99;1.56;sicher;#239ad6;C76 M21 Y0 K0;2.74;abweichend;#2998d0;3.0
Reservefarben;Neo Blue — Reserve fuer das Backend-Theme;600;#007eb6;0 126 182;oklch(56.3% 0.125 238.3);49.41 -14.0 -38.0;C82 M35 Y5 K9;131;0.5;sicher;#0c7eb6;C87 M38 Y5 K0;0.58;sicher;#097eb6;4.51
Reservefarben;Neo Blue — Reserve fuer das Backend-Theme;700;#005f88;0 95 136;oklch(46.0% 0.100 236.6);37.25 -12.0 -30.0;C85 M42 Y15 K30;172;0.33;sicher;#0a5f88;C96 M58 Y23 K6;0.51;sicher;#105f87;7.02
Reservefarben;Neo Blue — Reserve fuer das Backend-Theme;800;#003f5b;0 63 91;oklch(34.8% 0.074 235.7);24.31 -10.0 -22.0;C90 M50 Y25 K53;218;0.0;sicher;#083f5b;C100 M74 Y39 K27;2.15;abweichend;#17415a;11.28
Reservefarben;Neo Blue — Reserve fuer das Backend-Theme;900;#00202d;0 32 45;oklch(22.8% 0.045 229.0);10.59 -8.0 -12.0;C93 M61 Y43 K76;273;0.25;sicher;#02202d;C100 M78 Y49 K60;3.29;abweichend;#10232e;16.87
Reservefarben;Neo Blue — Reserve fuer das Backend-Theme;950;#001017;0 16 23;oklch(16.1% 0.030 224.2);3.92 -3.0 -6.0;C92 M69 Y55 K86;302;1.19;sicher;#021017;C95 M73 Y49 K76;2.28;abweichend;#0c1317;19.33
Reservefarben;Chartreuse;base;#e6ff9e;230 255 158;oklch(96.0% 0.124 120.6);96.47 -19.0 43.0;C16 M0 Y51 K0;67;6.37;kritisch;#e2e797;C13 M0 Y45 K0;6.37;kritisch;#e3e89b;1.1
Reservefarben;Chartreuse;100;#faffec;250 255 236;oklch(99.1% 0.025 118.9);99.22 -4.0 9.0;C3 M0 Y11 K0;14;2.76;abweichend;#f9faeb;C2 M0 Y9 K0;2.51;abweichend;#fafbec;1.02
Reservefarben;Chartreuse;200;#f5ffd8;245 255 216;oklch(98.3% 0.052 119.0);98.43 -8.0 18.0;C7 M0 Y23 K0;30;3.26;abweichend;#f2f5d4;C5 M0 Y18 K0;4.1;abweichend;#f4f6d7;1.04
Reservefarben;Chartreuse;300;#f0ffc5;240 255 197;oklch(97.5% 0.076 119.6);97.65 -12.0 26.0;C10 M0 Y33 K0;43;4.32;abweichend;#edf0c1;C8 M0 Y27 K0;4.81;abweichend;#eff2c4;1.06
Reservefarben;Chartreuse;400;#ebffb1;235 255 177;oklch(96.7% 0.102 120.0);97.25 -16.0 35.0;C14 M0 Y43 K0;57;5.56;kritisch;#e7ebab;C11 M0 Y36 K0;5.37;kritisch;#e8edb0;1.08
Reservefarben;Chartreuse;500;#e6ff9e;230 255 158;oklch(96.0% 0.124 120.6);96.47 -19.0 43.0;C16 M0 Y51 K0;67;6.37;kritisch;#e2e797;C13 M0 Y45 K0;6.37;kritisch;#e3e89b;1.1
Reservefarben;Chartreuse;600;#b8cc7e;184 204 126;oklch(81.2% 0.104 120.5);79.22 -16.0 36.0;C34 M5 Y61 K1;101;0.42;sicher;#b8cc7f;C30 M5 Y58 K0;0.42;sicher;#b9cc7d;1.75
Reservefarben;Chartreuse;700;#8a995f;138 153 95;oklch(65.7% 0.082 120.5);60.78 -13.0 29.0;C45 M20 Y67 K19;151;0.47;sicher;#8a995f;C48 M25 Y71 K3;0.76;sicher;#8a985d;3.09
Reservefarben;Chartreuse;800;#5c663f;92 102 63;oklch(49.1% 0.059 120.3);41.57 -9.0 21.0;C56 M35 Y74 K42;207;0.89;sicher;#5c663f;C62 M43 Y82 K21;0.0;sicher;#5d663d;6.13
Reservefarben;Chartreuse;900;#2e3320;46 51 32;oklch(31.0% 0.033 120.3);20.39 -5.0 11.0;C69 M52 Y78 K69;268;0.0;sicher;#2e3320;C75 M64 Y78 K55;1.14;sicher;#303321;13.04
Reservefarben;Chartreuse;950;#171a10;23 26 16;oklch(21.1% 0.019 121.6);8.63 -3.0 6.0;C76 M64 Y75 K83;298;0.0;sicher;#171a10;C85 M73 Y60 K72;3.53;abweichend;#191c17;17.62
Reservefarben;Pink;base;#ff53cb;255 83 203;oklch(71.4% 0.239 342.2);63.53 74.0 -26.0;C16 M76 Y0 K0;92;9.7;kritisch;#d15a9d;C22 M75 Y0 K0;11.12;kritisch;#c165a0;2.86
Reservefarben;Pink;100;#ffddf5;255 221 245;oklch(93.3% 0.049 336.6);91.37 15.0 -7.0;C0 M20 Y0 K0;20;2.98;abweichend;#fadcec;C1 M16 Y0 K0;3.91;abweichend;#f8ddeb;1.24
Reservefarben;Pink;200;#ffbaea;255 186 234;oklch(86.7% 0.100 338.1);83.14 31.0 -14.0;C5 M37 Y0 K0;42;5.25;kritisch;#ecb7d5;C5 M32 Y0 K0;5.84;kritisch;#ecbbd7;1.56
Reservefarben;Pink;300;#ff98e0;255 152 224;oklch(80.8% 0.150 339.2);75.69 47.0 -20.0;C9 M52 Y0 K0;61;7.02;kritisch;#e296c1;C11 M47 Y0 K0;8.02;kritisch;#db9bc2;1.94
Reservefarben;Pink;400;#ff75d5;255 117 213;oklch(75.5% 0.199 340.7);68.63 61.0 -24.0;C13 M65 Y0 K0;78;8.37;kritisch;#d875ad;C16 M62 Y0 K0;9.24;kritisch;#ce7eb0;2.4
Reservefarben;Pink;500;#ff53cb;255 83 203;oklch(71.4% 0.239 342.2);63.53 74.0 -26.0;C16 M76 Y0 K0;92;9.7;kritisch;#d15a9d;C22 M75 Y0 K0;11.12;kritisch;#c165a0;2.86
Reservefarben;Pink;600;#cc42a2;204 66 162;oklch(60.5% 0.200 342.2);51.37 62.0 -22.0;C27 M83 Y0 K0;110;3.39;abweichend;#bd4593;C28 M87 Y0 K0;4.73;abweichend;#b54f93;4.31
Reservefarben;Pink;700;#99327a;153 50 122;oklch(49.2% 0.159 341.8);38.82 49.0 -18.0;C38 M89 Y5 K15;147;0.34;sicher;#99327a;C43 M100 Y13 K2;1.91;sicher;#983c7c;6.79
Reservefarben;Pink;800;#662151;102 33 81;oklch(37.1% 0.115 341.7);25.49 36.0 -13.0;C47 M90 Y18 K45;200;0.0;sicher;#662151;C63 M100 Y35 K25;5.04;kritisch;#5f3255;11.04
Reservefarben;Pink;900;#331129;51 17 41;oklch(24.1% 0.065 340.3);10.98 20.0 -8.0;C66 M91 Y40 K71;268;0.0;sicher;#331129;C82 M94 Y44 K61;7.37;kritisch;#2c1d2d;16.76
Reservefarben;Pink;950;#1a0814;26 8 20;oklch(16.9% 0.038 341.3);3.92 9.0 -3.0;C78 M87 Y55 K84;304;0.0;sicher;#1a0814;C89 M79 Y47 K76;7.84;kritisch;#151116;19.29
Reservefarben;Aqua;base;#c0e8e8;192 232 232;oklch(90.3% 0.042 196.4);89.02 -13.0 -5.0;C27 M0 Y13 K0;40;2.11;abweichend;#c4e4e5;C25 M0 Y9 K0;1.73;sicher;#c3e4e5;1.32
Reservefarben;Aqua;100;#f2fafa;242 250 250;oklch(97.9% 0.008 197.0);97.65 -3.0 -1.0;C5 M0 Y3 K0;8;1.59;sicher;#f4f9f9;C5 M1 Y2 K0;2.66;abweichend;#f3f8f8;1.06
Reservefarben;Aqua;200;#e6f6f6;230 246 246;oklch(96.1% 0.017 196.9);95.69 -5.0 -2.0;C11 M0 Y5 K0;16;1.18;sicher;#e8f4f4;C10 M0 Y4 K0;1.18;sicher;#e8f5f5;1.11
Reservefarben;Aqua;300;#d9f1f1;217 241 241;oklch(94.1% 0.025 196.7);93.33 -8.0 -3.0;C17 M0 Y8 K0;25;2.14;abweichend;#dcefef;C15 M0 Y6 K0;1.26;sicher;#dbefef;1.18
Reservefarben;Aqua;400;#cdeded;205 237 237;oklch(92.3% 0.033 196.6);91.37 -11.0 -4.0;C22 M0 Y10 K0;32;2.8;abweichend;#d2eaea;C20 M0 Y7 K0;1.87;sicher;#cfeaeb;1.24
Reservefarben;Aqua;500;#c0e8e8;192 232 232;oklch(90.3% 0.042 196.4);89.02 -13.0 -5.0;C27 M0 Y13 K0;40;2.11;abweichend;#c4e4e5;C25 M0 Y9 K0;1.73;sicher;#c3e4e5;1.32
Reservefarben;Aqua;600;#9ababa;154 186 186;oklch(76.5% 0.035 196.4);72.94 -11.0 -4.0;C43 M14 Y25 K5;87;0.29;sicher;#9ababa;C41 M15 Y23 K0;0.8;sicher;#9cbab9;2.08
Reservefarben;Aqua;700;#738b8b;115 139 139;oklch(61.8% 0.027 196.5);56.08 -9.0 -3.0;C54 M29 Y36 K19;138;0.0;sicher;#738b8b;C58 M35 Y39 K4;0.37;sicher;#748b8a;3.62
Reservefarben;Aqua;800;#4d5d5d;77 93 93;oklch(46.5% 0.020 196.5);38.04 -6.0 -2.0;C65 M43 Y47 K40;195;1.05;sicher;#4d5d5d;C71 M52 Y52 K22;0.88;sicher;#4e5d5c;6.91
Reservefarben;Aqua;900;#262e2e;38 46 46;oklch(29.4% 0.011 196.6);18.04 -4.0 -1.0;C76 M59 Y59 K68;262;1.24;sicher;#262e2e;C82 M71 Y60 K56;2.66;abweichend;#292e2d;13.88
Reservefarben;Aqua;950;#131717;19 23 23;oklch(20.0% 0.006 196.7);7.45 -2.0 -1.0;C82 M69 Y64 K82;297;0.0;sicher;#131717;C87 M75 Y55 K73;1.8;sicher;#171918;18.06
Reservefarben;Cyan;base;#00ffff;0 255 255;oklch(90.5% 0.155 194.8);90.59 -51.0 -15.0;C49 M0 Y22 K0;71;13.84;kritisch;#8bcece;C52 M0 Y12 K0;16.03;kritisch;#77c7d8;1.25
Reservefarben;Cyan;100;#ccffff;204 255 255;oklch(96.5% 0.052 196.3);96.47 -17.0 -6.0;C17 M0 Y7 K0;24;9.43;kritisch;#dceff0;C18 M0 Y4 K0;7.88;kritisch;#d3ecf2;1.09
Reservefarben;Cyan;200;#99ffff;153 255 255;oklch(93.8% 0.096 195.6);93.73 -31.0 -10.0;C31 M0 Y13 K0;44;11.47;kritisch;#bbe1e3;C32 M0 Y7 K0;11.11;kritisch;#afdde7;1.16
Reservefarben;Cyan;300;#66ffff;102 255 255;oklch(91.9% 0.129 195.2);92.16 -42.0 -13.0;C40 M0 Y18 K0;58;12.73;kritisch;#a3d7d9;C44 M0 Y10 K0;13.62;kritisch;#90d0de;1.21
Reservefarben;Cyan;400;#33ffff;51 255 255;oklch(90.9% 0.148 194.9);90.98 -48.0 -14.0;C47 M0 Y21 K0;68;13.22;kritisch;#91d0d2;C49 M0 Y11 K0;15.13;kritisch;#7fcada;1.24
Reservefarben;Cyan;500;#00ffff;0 255 255;oklch(90.5% 0.155 194.8);90.59 -51.0 -15.0;C49 M0 Y22 K0;71;13.84;kritisch;#8bcece;C52 M0 Y12 K0;16.03;kritisch;#77c7d8;1.25
Reservefarben;Cyan;600;#00cccc;0 204 204;oklch(76.5% 0.131 194.8);74.12 -43.0 -13.0;C66 M0 Y31 K0;97;5.18;kritisch;#46bbbb;C67 M0 Y24 K0;6.79;kritisch;#46b6bd;2.0
Reservefarben;Cyan;700;#009999;0 153 153;oklch(61.8% 0.106 194.8);56.86 -35.0 -10.0;C76 M9 Y38 K11;134;0.55;sicher;#129999;C81 M12 Y38 K0;0.41;sicher;#039999;3.49
Reservefarben;Cyan;800;#006666;0 102 102;oklch(46.2% 0.079 194.8);38.43 -26.0 -8.0;C82 M25 Y45 K40;192;0.0;sicher;#076666;C93 M39 Y53 K15;0.69;sicher;#0a6665;6.79
Reservefarben;Cyan;900;#003333;0 51 51;oklch(29.1% 0.050 194.8);18.43 -16.0 -5.0;C88 M44 Y56 K69;257;0.75;sicher;#023333;C99 M63 Y60 K52;1.47;sicher;#083333;13.8
Reservefarben;Cyan;950;#001a1a;0 26 26;oklch(19.7% 0.034 194.8);7.45 -9.0 -3.0;C90 M60 Y62 K83;295;0.24;sicher;#021a1a;C94 M71 Y56 K72;3.06;abweichend;#0e1b1b;18.06
Reservefarben;Burgundy;base;#800020;128 0 32;oklch(38.0% 0.152 18.6);26.27 49.0 23.0;C11 M100 Y64 K51;226;1.13;sicher;#810923;C30 M100 Y75 K32;5.57;kritisch;#7c2b2e;10.83
Reservefarben;Burgundy;100;#e6ccd2;230 204 210;oklch(86.9% 0.030 2.1);84.31 10.0 1.0;C10 M24 Y12 K1;47;0.26;sicher;#e6ccd2;C9 M22 Y10 K0;0.91;sicher;#e7cbd1;1.51
Reservefarben;Burgundy;200;#cc99a6;204 153 166;oklch(73.5% 0.063 1.9);68.63 21.0 1.0;C17 M44 Y21 K6;88;0.0;sicher;#cd9aa6;C18 M44 Y21 K0;0.66;sicher;#cd99a5;2.42
Reservefarben;Burgundy;300;#b36679;179 102 121;oklch(60.2% 0.101 4.7);52.55 33.0 4.0;C21 M64 Y31 K17;133;0.38;sicher;#b36679;C26 M71 Y36 K2;0.56;sicher;#b56578;4.12
Reservefarben;Burgundy;400;#99334d;153 51 77;oklch(47.7% 0.137 8.5);37.65 45.0 9.0;C18 M85 Y41 K34;178;0.33;sicher;#99334d;C28 M99 Y54 K15;0.75;sicher;#99354d;7.15
Reservefarben;Burgundy;500;#800020;128 0 32;oklch(38.0% 0.152 18.6);26.27 49.0 23.0;C11 M100 Y64 K51;226;1.13;sicher;#810923;C30 M100 Y75 K32;5.57;kritisch;#7c2b2e;10.83
Reservefarben;Burgundy;600;#66001a;102 0 26;oklch(32.4% 0.130 17.2);20.0 42.0 18.0;C14 M100 Y59 K64;237;0.77;sicher;#67051c;C47 M100 Y60 K46;8.85;kritisch;#5a262f;13.29
Reservefarben;Burgundy;700;#4d0013;77 0 19;oklch(26.7% 0.107 15.9);13.73 34.0 13.0;C25 M100 Y56 K75;256;0.63;sicher;#4e0114;C63 M96 Y53 K59;10.54;kritisch;#3e1e27;15.85
Reservefarben;Burgundy;800;#33000d;51 0 13;oklch(20.5% 0.082 11.8);7.06 26.0 5.0;C45 M97 Y56 K83;281;0.0;sicher;#33020d;C80 M85 Y48 K71;12.9;kritisch;#24171e;18.32
Reservefarben;Burgundy;900;#1a0006;26 0 6;oklch(14.0% 0.056 6.1);2.35 10.0 1.0;C69 M91 Y62 K89;311;0.0;sicher;#1b0207;C89 M77 Y47 K80;8.78;kritisch;#110d10;20.07
Reservefarben;Burgundy;950;#0d0003;13 0 3;oklch(10.3% 0.042 1.6);0.78 4.0 0.0;C80 M85 Y64 K91;320;0.23;sicher;#0d0305;C95 M73 Y46 K84;5.49;kritisch;#06080c;20.62
Reservefarben;Coral;base;#e06060;224 96 96;oklch(65.0% 0.161 22.6);57.65 51.0 26.0;C5 M73 Y53 K3;134;0.37;sicher;#e06060;C3 M75 Y57 K0;0.45;sicher;#e15e5f;3.49
Reservefarben;Coral;100;#f9dfdf;249 223 223;oklch(92.5% 0.029 17.7);90.98 9.0 3.0;C2 M17 Y9 K0;28;0.24;sicher;#f8dfdf;C1 M15 Y7 K0;0.91;sicher;#f9dfdf;1.26
Reservefarben;Coral;200;#f3bfbf;243 191 191;oklch(85.1% 0.060 18.4);81.96 19.0 8.0;C2 M33 Y19 K0;54;0.68;sicher;#f3bfbe;C2 M29 Y16 K0;0.27;sicher;#f4bfbe;1.61
Reservefarben;Coral;300;#eca0a0;236 160 160;oklch(78.0% 0.091 19.3);73.73 29.0 12.0;C4 M47 Y29 K0;80;0.65;sicher;#eca0a0;C2 M44 Y27 K0;1.21;sicher;#ee9f9e;2.08
Reservefarben;Coral;400;#e68080;230 128 128;oklch(71.2% 0.126 20.7);65.1 40.0 18.0;C5 M60 Y40 K1;106;0.32;sicher;#e68080;C2 M60 Y40 K0;0.63;sicher;#e8807f;2.7
Reservefarben;Coral;500;#e06060;224 96 96;oklch(65.0% 0.161 22.6);57.65 51.0 26.0;C5 M73 Y53 K3;134;0.37;sicher;#e06060;C3 M75 Y57 K0;0.45;sicher;#e15e5f;3.49
Reservefarben;Coral;600;#b34d4d;179 77 77;oklch(55.2% 0.133 22.4);46.67 42.0 22.0;C15 M76 Y57 K21;169;0.85;sicher;#b34d4d;C19 M83 Y67 K7;0.8;sicher;#b44c4c;5.14
Reservefarben;Coral;700;#863a3a;134 58 58;oklch(45.0% 0.105 22.2);35.29 33.0 17.0;C27 M78 Y62 K39;206;0.32;sicher;#863a3a;C29 M90 Y71 K26;0.58;sicher;#873939;7.84
Reservefarben;Coral;800;#5a2626;90 38 38;oklch(34.2% 0.077 22.0);23.14 24.0 12.0;C40 M82 Y66 K60;248;0.28;sicher;#5a2626;C43 M96 Y69 K49;0.0;sicher;#5a2727;12.07
Reservefarben;Coral;900;#2d1313;45 19 19;oklch(22.6% 0.043 21.0);9.8 14.0 6.0;C60 M82 Y68 K79;289;0.25;sicher;#2d1313;C74 M85 Y55 K70;5.66;kritisch;#29191a;17.3
Reservefarben;Coral;950;#160a0a;22 10 10;oklch(16.3% 0.021 19.6);3.92 4.0 2.0;C75 M80 Y67 K87;309;1.16;sicher;#160b0b;C89 M76 Y51 K78;4.75;abweichend;#121111;19.41
Reservefarben;Mustard;base;#ffce1b;255 206 27;oklch(87.0% 0.174 90.8);85.1 7.0 82.0;C0 M19 Y91 K0;110;0.5;sicher;#ffce14;C0 M14 Y93 K0;0.57;sicher;#ffce0e;1.49
Reservefarben;Mustard;100;#fff5d1;255 245 209;oklch(96.9% 0.048 94.3);96.47 -1.0 19.0;C1 M3 Y24 K0;28;0.55;sicher;#fef5d1;C0 M4 Y20 K0;1.12;sicher;#fef4d1;1.09
Reservefarben;Mustard;200;#ffeba4;255 235 164;oklch(94.0% 0.092 94.2);93.33 0.0 37.0;C1 M7 Y45 K0;53;0.24;sicher;#feeba3;C0 M6 Y40 K0;0.87;sicher;#ffeba3;1.19
Reservefarben;Mustard;300;#ffe276;255 226 118;oklch(91.5% 0.132 94.6);90.59 1.0 56.0;C1 M10 Y63 K0;74;0.0;sicher;#fde275;C0 M8 Y60 K0;0.75;sicher;#fee275;1.28
Reservefarben;Mustard;400;#ffd849;255 216 73;oklch(89.1% 0.159 93.3);87.84 4.0 72.0;C1 M14 Y78 K0;93;0.24;sicher;#fed848;C0 M11 Y78 K0;0.62;sicher;#fed746;1.38
Reservefarben;Mustard;500;#ffce1b;255 206 27;oklch(87.0% 0.174 90.8);85.1 7.0 82.0;C0 M19 Y91 K0;110;0.5;sicher;#ffce14;C0 M14 Y93 K0;0.57;sicher;#ffce0e;1.49
Reservefarben;Mustard;600;#cca516;204 165 22;oklch(73.6% 0.146 91.1);69.8 6.0 69.0;C6 M24 Y92 K20;142;0.39;sicher;#cca514;C19 M27 Y100 K0;1.06;sicher;#cea61f;2.34
Reservefarben;Mustard;700;#997c10;153 124 16;oklch(59.7% 0.118 91.6);53.73 4.0 55.0;C13 M29 Y94 K42;178;0.48;sicher;#997d0f;C35 M40 Y100 K10;2.38;abweichend;#9b7e29;4.0
Reservefarben;Mustard;800;#66520b;102 82 11;oklch(44.7% 0.087 91.4);36.08 3.0 40.0;C24 M36 Y94 K63;217;0.0;sicher;#67530b;C49 M55 Y100 K31;3.31;abweichend;#665320;7.56
Reservefarben;Mustard;900;#332905;51 41 5;oklch(28.4% 0.053 92.9);17.25 1.0 23.0;C49 M53 Y93 K79;274;1.03;sicher;#342a05;C70 M71 Y77 K61;6.17;kritisch;#302a19;14.38
Reservefarben;Mustard;950;#1a1503;26 21 3;oklch(19.7% 0.034 95.3);7.06 0.0 9.0;C69 M67 Y84 K86;306;0.24;sicher;#1b1604;C84 M74 Y59 K75;4.75;abweichend;#181813;18.22
Reservefarben;Old Gold;base;#cfb53b;207 181 59;oklch(77.4% 0.139 96.8);74.51 0.0 62.0;C10 M16 Y82 K16;124;0.26;sicher;#cfb53b;C20 M20 Y89 K0;0.89;sicher;#d0b438;2.03
Reservefarben;Old Gold;100;#f5f0d8;245 240 216;oklch(95.3% 0.032 97.3);94.9 -1.0 12.0;C5 M4 Y19 K0;28;0.0;sicher;#f5f0d8;C4 M4 Y16 K0;0.64;sicher;#f7f0d8;1.15
Reservefarben;Old Gold;200;#ece1b1;236 225 177;oklch(90.7% 0.064 96.7);89.41 -2.0 25.0;C9 M9 Y37 K0;55;0.95;sicher;#ede1b1;C8 M8 Y33 K0;1.08;sicher;#ede1b0;1.31
Reservefarben;Old Gold;300;#e2d389;226 211 137;oklch(86.3% 0.095 98.1);84.71 -2.0 39.0;C12 M11 Y54 K4;81;0.26;sicher;#e2d389;C12 M11 Y51 K0;0.0;sicher;#e3d287;1.51
Reservefarben;Old Gold;400;#d9c462;217 196 98;oklch(81.8% 0.121 97.4);79.61 -1.0 51.0;C12 M14 Y68 K9;103;0.0;sicher;#d9c462;C15 M15 Y70 K0;0.66;sicher;#dbc460;1.75
Reservefarben;Old Gold;500;#cfb53b;207 181 59;oklch(77.4% 0.139 96.8);74.51 0.0 62.0;C10 M16 Y82 K16;124;0.26;sicher;#cfb53b;C20 M20 Y89 K0;0.89;sicher;#d0b438;2.03
Reservefarben;Old Gold;600;#a6912f;166 145 47;oklch(65.8% 0.117 96.8);60.78 0.0 52.0;C18 M22 Y84 K32;156;0.0;sicher;#a6912f;C33 M31 Y99 K5;0.59;sicher;#a7912c;3.13
Reservefarben;Old Gold;700;#7c6d23;124 109 35;oklch(53.4% 0.094 97.6);46.27 0.0 42.0;C27 M29 Y87 K49;192;0.72;sicher;#7c6d23;C45 M43 Y100 K18;1.13;sicher;#7d6d29;5.16
Reservefarben;Old Gold;800;#534818;83 72 24;oklch(40.2% 0.067 96.3);30.98 0.0 30.0;C40 M41 Y89 K64;234;0.31;sicher;#534918;C57 M57 Y98 K39;1.35;sicher;#53481d;9.1
Reservefarben;Old Gold;900;#29240c;41 36 12;oklch(26.0% 0.039 97.7);14.12 0.0 16.0;C62 M58 Y87 K80;287;1.21;sicher;#29240b;C76 M71 Y70 K65;5.44;kritisch;#28261a;15.53
Reservefarben;Old Gold;950;#151206;21 18 6;oklch(18.2% 0.023 96.3);5.49 0.0 6.0;C74 M69 Y78 K87;308;0.24;sicher;#151306;C87 M74 Y55 K76;4.67;abweichend;#141513;18.73
Reservefarben;Dark Orange;base;#ff8c00;255 140 0;oklch(75.1% 0.179 58.3);70.2 40.0 76.0;C0 M55 Y100 K0;155;2.54;abweichend;#f18601;C0 M48 Y100 K0;2.77;abweichend;#ef8a1f;2.33
Reservefarben;Dark Orange;100;#ffe8cc;255 232 204;oklch(94.2% 0.045 72.7);93.33 5.0 17.0;C0 M11 Y23 K0;34;0.0;sicher;#fee8cd;C0 M10 Y19 K0;0.65;sicher;#fee7cc;1.19
Reservefarben;Dark Orange;200;#ffd199;255 209 153;oklch(88.8% 0.088 71.8);87.06 11.0 34.0;C0 M23 Y45 K0;68;0.67;sicher;#fccf98;C0 M19 Y41 K0;0.51;sicher;#fccf98;1.42
Reservefarben;Dark Orange;300;#ffba66;255 186 102;oklch(83.7% 0.129 69.9);80.78 20.0 52.0;C0 M34 Y66 K0;100;0.98;sicher;#f9b764;C0 M28 Y64 K0;1.22;sicher;#f9b866;1.68
Reservefarben;Dark Orange;400;#ffa333;255 163 51;oklch(79.1% 0.160 65.8);75.29 29.0 68.0;C0 M44 Y86 K0;130;1.74;sicher;#f69f2f;C0 M38 Y87 K0;2.04;abweichend;#f49f37;1.99
Reservefarben;Dark Orange;500;#ff8c00;255 140 0;oklch(75.1% 0.179 58.3);70.2 40.0 76.0;C0 M55 Y100 K0;155;2.54;abweichend;#f18601;C0 M48 Y100 K0;2.77;abweichend;#ef8a1f;2.33
Reservefarben;Dark Orange;600;#cc7000;204 112 0;oklch(63.6% 0.151 59.0);57.25 33.0 64.0;C4 M58 Y99 K16;177;0.0;sicher;#cc7103;C13 M58 Y100 K3;3.37;abweichend;#cc7228;3.57
Reservefarben;Dark Orange;700;#995400;153 84 0;oklch(51.7% 0.121 60.1);43.53 26.0 52.0;C9 M59 Y99 K41;208;0.7;sicher;#995503;C25 M67 Y100 K18;4.28;abweichend;#995723;5.8
Reservefarben;Dark Orange;800;#663800;102 56 0;oklch(39.0% 0.090 62.3);29.02 18.0 39.0;C18 M63 Y98 K65;244;0.3;sicher;#653703;C40 M75 Y98 K42;3.66;abweichend;#633a16;9.86
Reservefarben;Dark Orange;900;#331c00;51 28 0;oklch(25.2% 0.055 68.0);12.94 10.0 19.0;C48 M70 Y92 K81;291;1.31;sicher;#331c01;C68 M80 Y69 K67;5.87;kritisch;#2f2016;16.07
Reservefarben;Dark Orange;950;#1a0e00;26 14 0;oklch(17.6% 0.037 75.5);5.1 4.0 8.0;C67 M74 Y82 K88;311;0.24;sicher;#1a0e02;C85 M75 Y55 K77;5.93;kritisch;#161310;18.97
Foundation;Foundation White;100;#ffffff;255 255 255;oklch(100.0% 0.000 89.9);100.0 0.0 0.0;C0 M0 Y0 K0;0;0.0;sicher;#ffffff;C0 M0 Y0 K0;0.0;sicher;#ffffff;1.0
Foundation;Foundation Black;100;#000000;0 0 0;oklch(0.0% 0.000 0.0);0.0 0.0 0.0;C87 M78 Y65 K93;323;0.45;sicher;#020304;C96 M71 Y45 K86;0.68;sicher;#030405;21.0
